{
	"monsterFluff": [
		{
			"name": "Aerisi Kalinoth",
			"source": "PotA",
			"entries": [
				{
					"type": "entries",
					"entries": [
						{
							"type": "entries",
							"entries": [
								{
									"type": "entries",
									"entries": [
										"Aerisi Kalinoth is the air prophet of the Elder Elemental Eye and leader of the Cult of the Howling Hatred. Tall and slender, with dark hair and (illusory) feathered wings that gently fan the air, Aerisi Kalinoth speaks to her people in a whisper that belies her violent temper, which reveals itself whenever she is denied.",
										"Aerisi was a sheltered moon elf princess named Dara Algwynenn Kalinoth who grew up in a remote Faerie realm. Her parents had wished to protect her from the harsh realities of the world, but they only succeeded in spoiling her. When they tried to discipline their wilful daughter, she used the power of elemental air against them. Soon after, her dreams led her to the ancient dwarven ruins where the spear Windvane awaited her.",
										"Dara changed her name to Aerisi and pretended to be an avariel (winged elf) princess like the ones from her storybooks. Then Aerisi used her talents for enchantment magic to sway mortals into joining her cult. She has convinced all her followers that she is in fact an avariel, and believes it herself even though she must cast seeming each day to \"reveal\" her wings.",
										"Aerisi is prone to deluded flights of fancy and impulsive decadence. She sees herself as a beautiful, fierce, and just ruler who wields elemental power because she deserves it."
									]
								},
								{
									"type": "entries",
									"name": "In the Air Node",
									"entries": [
										"When danger threatens the Temple of Howling Hatred, Aerisi retreats to the Howling Caves, the air node. Within this node, Aerisi gains one additional use of her Legendary Resistance trait."
									]
								}
							]
						}
					]
				}
			],
			"images": [
				{
					"type": "image",
					"href": {
						"type": "internal",
						"path": "bestiary/PotA/Aerisi Kalinoth.jpg"
					}
				}
			]
		},
		{
			"name": "Bastian Thermandar",
			"source": "PotA",
			"entries": [
				{
					"type": "entries",
					"entries": [
						{
							"type": "entries",
							"entries": [
								{
									"type": "entries",
									"entries": [
										"Like many in the fire cult, Bastian burns with an inner fire, but his fire is ambition, rather than a wish to see the world burn. Bastian is scheming to supplant Vanifer and claim Tinderstrike for himself.",
										"As a practitioner of the arcane arts who learned much of his fire magic from Vanifer herself, Bastian relies on his spells in a fight, and he is a \"quick-burning\" sort who tries to deliver maximum impact early in the fight. If he knows a fight is coming but can't preemptively strike, Bastian becomes more cautious, casting wall of fire to protect himself before he hurls magic into the fray."
									]
								}
							]
						}
					]
				}
			]
		},
		{
			"name": "Black Earth Guard",
			"source": "PotA",
			"entries": [
				{
					"type": "entries",
					"entries": [
						{
							"type": "entries",
							"entries": [
								{
									"type": "entries",
									"entries": [
										"Black Earth guards are the warriors of the earth cult. They are brutal, heavily armored thugs devoted to Ogremoch. That devotion has granted them an uncanny ability to hold their ground against the buffeting assaults. It has also earned them the right to wear special plate armor of elemental stone, which breaks down when the guard is slain.",
										"These guards are fanatically loyal to the Black Earth priests and the leaders of the cult. They fight to the death if commanded to do so by their superiors. Those with more potential become burrowsharks."
									]
								}
							]
						}
					]
				}
			],
			"images": [
				{
					"type": "image",
					"href": {
						"type": "internal",
						"path": "bestiary/PotA/Black Earth Guard.jpg"
					}
				}
			]
		},
		{
			"name": "Black Earth Priest",
			"source": "PotA",
			"entries": [
				{
					"type": "entries",
					"entries": [
						{
							"type": "entries",
							"entries": [
								{
									"type": "entries",
									"entries": [
										"The priests of the Black Earth are the drivers and organizers of Ogremoch's cult. They are the true believers, seeing Ogremoch as a divine force, and they have developed a twisted dogma to explain how the evil of elemental earth is destined to remake the world and rule over all. The Black Earth priests form a cabal of leaders whose fanaticism and magical power serve as the backbone of the cult. Individuals of unusual power hold higher rank in the cult, but the priests provide the cult leader with his or her authority over the rest of Ogremoch's followers."
									]
								}
							]
						}
					]
				}
			],
			"images": [
				{
					"type": "image",
					"href": {
						"type": "internal",
						"path": "bestiary/PotA/Black Earth Priest.jpg"
					}
				}
			]
		},
		{
			"name": "Burrowshark",
			"source": "PotA",
			"entries": [
				{
					"type": "entries",
					"entries": [
						{
							"type": "entries",
							"entries": [
								{
									"type": "entries",
									"entries": [
										"Elite warriors of the earth cult, burrowsharks are fierce champions who ride trained bulettes into battle. While their powerful mounts rend and tear foes to pieces, burrowsharks leap to the ground and cut down their foes without mercy.",
										"Burrowsharks are much like Black Earth guards, since both have uncanny footing and special armor. For burrowsharks, an additional gift of Ogremoch's might establishes a magical bond between the burrowshark and a bulette, allowing the rider to burrow with its mount and sense what its mount senses."
									]
								}
							]
						}
					]
				}
			],
			"images": [
				{
					"type": "image",
					"href": {
						"type": "internal",
						"path": "bestiary/PotA/Burrowshark.jpg"
					}
				}
			]
		},
		{
			"name": "Crushing Wave Priest",
			"source": "PotA",
			"entries": [
				{
					"type": "entries",
					"entries": [
						{
							"type": "entries",
							"entries": [
								{
									"type": "entries",
									"entries": [
										"Crushing Wave priests are the fanatical core of the cult. Gathering in secretive cabals, they perform dark rituals to glorify Olhydra as the embodiment of water's destructiveness. They believe that using water to kill their enemies, such as through ritual drowning, earns them Olhydra's favor."
									]
								}
							]
						}
					]
				}
			],
			"images": [
				{
					"type": "image",
					"href": {
						"type": "internal",
						"path": "bestiary/PotA/Crushing Wave Priest.jpg"
					}
				}
			]
		},
		{
			"name": "Crushing Wave Reaver",
			"source": "PotA",
			"entries": [
				{
					"type": "entries",
					"entries": [
						{
							"type": "entries",
							"entries": [
								{
									"type": "entries",
									"entries": [
										"The foot soldiers of the Crushing Wave cult are vicious sea reavers. Many of them were pirates before they fell in with the cult, and they remain eager for blood and plunder. Crushing Wave reavers appreciate the value of stealth and surprise, and look for chances to launch sudden attacks from positions of concealment whenever possible. The soldiers of the Crushing Wave cult are highly loyal to the cult priests, but they rarely fight to the death if an avenue of retreat is open to them.",
										"Reavers carry shields made of giant crab shells, and the blades of their swords are lined with shark's teeth."
									]
								}
							]
						}
					]
				}
			],
			"images": [
				{
					"type": "image",
					"href": {
						"type": "internal",
						"path": "bestiary/PotA/Crushing Wave Cultists.jpg"
					}
				}
			]
		},
		{
			"name": "Dark Tide Knight",
			"source": "PotA",
			"entries": [
				{
					"type": "entries",
					"entries": [
						{
							"type": "entries",
							"entries": [
								{
									"type": "entries",
									"entries": [
										"Dark Tide knights are the elite warriors of the Crushing Wave cult. By drawing upon Olhydra's dark power, they gain the ability to ride sea-creatures that normally wouldn't be suitable as mounts, and can even breathe underwater and share their mount's senses. The knights prefer to fight from or in the water, since they don't like to leave their mounts behind, but they can be fierce opponents on foot at need.",
										"Unlike most other knights, Dark Tide knights disdain heavy armor, relying on the speed and ferocity of their attacks to carry them to victory."
									]
								}
							]
						}
					]
				}
			],
			"images": [
				{
					"type": "image",
					"href": {
						"type": "internal",
						"path": "bestiary/PotA/Dark Tide Knight.jpg"
					}
				}
			]
		},
		{
			"name": "Drannin Splithelm",
			"source": "PotA",
			"entries": [
				{
					"type": "entries",
					"entries": [
						{
							"type": "entries",
							"entries": [
								{
									"type": "entries",
									"entries": [
										"Drannin is a self-serving dwarf who has always felt that, due to his heritage, he was owed better than he received. When he didn't receive the accolades, he began to see everyone in his way as the problem, trying to keep him down, and he vowed to do whatever it took to turn the tables. He is currently intent on claiming the legendary axe Orcsplitter, the weapon buried with King Torhild Flametongue of Besilmer many centuries ago. The secret doors and puzzles of the Halls of the Hunting Axe have frustrated Drannin for a long time, but he now has a plan to dupe his cousin Gargosh into finding the axe for him (see the \"Halls of the Hunting Axe\" side trek in chapter 6). Drannin believes that with Orcsplitter in his possession he can establish himself as a powerful lord among his clan, and finally win the respect he thinks he deserves.",
										"Drannin's most prized possession is his shield guardian. He stole the amulet that controls the shield guardian from a sorcerer some years back."
									]
								}
							]
						}
					]
				}
			]
		},
		{
			"name": "Elizar Dryflagon",
			"source": "PotA",
			"entries": [
				{
					"type": "entries",
					"entries": [
						{
							"type": "entries",
							"entries": [
								{
									"type": "entries",
									"entries": [
										"Elizar was a druid who claims to be a member of the Circle of the Scarlet Moon. However, Elizar is really in service to Imix, maintaining some druidic power through a connection to the elements."
									]
								}
							]
						}
					]
				}
			]
		},
		{
			"name": "Eternal Flame Guardian",
			"source": "PotA",
			"entries": [
				{
					"type": "entries",
					"entries": [
						{
							"type": "entries",
							"entries": [
								{
									"type": "entries",
									"entries": [
										"Eternal Flame guardians are dullards fascinated by the power of fire and eager to show the cult's enemies firsthand what it feels like to burn. They light things aflame to honor elemental fire and just for entertainment, but they don't always think ahead about what else nearby might catch fire."
									]
								}
							]
						}
					]
				}
			]
		},
		{
			"name": "Eternal Flame Priest",
			"source": "PotA",
			"entries": [
				{
					"type": "entries",
					"entries": [
						{
							"type": "entries",
							"entries": [
								{
									"type": "entries",
									"entries": [
										"Eternal Flame priests see the world around them as impure and unworthy, and believe that only cleansing by fire can set it right. As a result, all fire is deemed holy, from the smallest candle flame to the greatest conflagrations. When traveling in the open, Eternal Flame priests are clever enough to hide their true beliefs, passing themselves off as druids or wizards with a knack for fire magic."
									]
								}
							]
						}
					]
				}
			],
			"images": [
				{
					"type": "image",
					"href": {
						"type": "internal",
						"path": "bestiary/PotA/Eternal Flame Priest.jpg"
					}
				}
			]
		},
		{
			"name": "Fathomer",
			"source": "PotA",
			"entries": [
				{
					"type": "entries",
					"entries": [
						{
							"type": "entries",
							"entries": [
								{
									"type": "entries",
									"entries": [
										"Fathomers are cultists who have sealed a pact with Olhydra, Princess of Evil Water. In addition to their spellcasting abilities, fathomers have the ability to transform their bodies into water, taking serpent-like shapes. In their water serpent forms, fathomers gain many of the resistances elemental creatures possess, as well as the ability to grapple and crush their enemies with their watery bodies.",
										"Fathomers often serve as spies, infiltrators, and assassins for the water cult, since they can slip under locked doors or pass through bars and similar obstacles with ease."
									]
								}
							]
						}
					]
				}
			],
			"images": [
				{
					"type": "image",
					"href": {
						"type": "internal",
						"path": "bestiary/PotA/Crushing Wave Cultists.jpg"
					}
				}
			]
		},
		{
			"name": "Feathergale Knight",
			"source": "PotA",
			"entries": [
				{
					"type": "entries",
					"entries": [
						{
							"type": "entries",
							"entries": [
								{
									"type": "entries",
									"entries": [
										"The Feathergale Knights are ambitious, wealthy folk from cities such as Waterdeep seduced by the air cult's promises of power. From the backs of hippogriffs or giant vultures, they survey the land around Feathergale Spire, guarding the entrance to the air cult's hidden temple.",
										"The knights are contemptuous of other elemental cultists, whom they view as depraved lunatics. Under lord commander Thurl Merosska, the Feathergale Knights see themselves as elite men and women who can make hard choices for the good of their realms. In reality, they are bound to Yan-C-Bin and are blind to their own corruption and decadence. Despite their refined manners and social sophistication, each has sealed that pact with the murder of a sentient being-deaths the knights have dubbed necessary for the security of the realm.",
										"The knights have access to wingwear, as described in the \"Elemental Magic Items\" section. They are often wearing it when encountered."
									]
								}
							]
						}
					]
				}
			],
			"images": [
				{
					"type": "image",
					"href": {
						"type": "internal",
						"path": "bestiary/PotA/Feathergale Knight.jpg"
					}
				}
			]
		},
		{
			"name": "Flamewrath",
			"source": "PotA",
			"entries": [
				{
					"type": "entries",
					"entries": [
						{
							"type": "entries",
							"entries": [
								{
									"type": "entries",
									"entries": [
										"A flamewrath is a spellcaster that has earned the favor of Imix, the Prince of Elemental Fire, through a series of painful rites. A flamewrath's skin is burned and scarred. Inured to pain, the flamewrath revels in battle, using an array of fire spells to incinerate enemies who would try to douse the power of elemental fire. Melee combatants who draw too close face fires that can dance across the flamewrath's skin and burn attackers."
									]
								}
							]
						}
					]
				}
			],
			"images": [
				{
					"type": "image",
					"href": {
						"type": "internal",
						"path": "bestiary/PotA/Flamewrath.jpg"
					}
				}
			]
		},
		{
			"name": "Gar Shatterkeel",
			"source": "PotA",
			"entries": [
				{
					"type": "entries",
					"entries": [
						{
							"type": "entries",
							"entries": [
								{
									"type": "entries",
									"entries": [
										"Gar Shatterkeel is the water prophet of Elemental Evil and the dour leader of the Crushing Wave cult. He is embittered by a life of suffering at the hands of others. Pirates killed his family when he was young, he was forced into servitude aboard a merchant ship, and then another band of pirates left him to die at sea, where he lost his arm to a shark. Gar sees the elemental power of water as the only thing of value in his life and has gathered others who feel as he does.",
										"Gar bears the elemental weapon Drown. His missing arm has been replaced by an artificial limb in the shape of a crab's claw. As the leader of Olhydra's cult, he wields her innate magic. Other Crushing Wave cultists sense her power in him and follow him out of fear."
									]
								},
								{
									"type": "entries",
									"name": "In the Water Node",
									"entries": [
										"When it becomes clear that the Temple of the Crushing Wave is no longer secure, Gar retreats to the Plunging Torrents, the water node. Within this node, Gar gains one additional use of his Legendary Resistance trait."
									]
								}
							]
						}
					]
				}
			],
			"images": [
				{
					"type": "image",
					"href": {
						"type": "internal",
						"path": "bestiary/PotA/Gar Shatterkeel.jpg"
					}
				}
			]
		},
		{
			"name": "Ghald",
			"source": "PotA",
			"entries": [
				{
					"type": "entries",
					"entries": [
						{
							"type": "entries",
							"entries": [
								{
									"type": "entries",
									"entries": [
										"Ghald is an 8-foot-tall, four-armed sahuagin who works with a partner, Unferth, for the Kraken Society in Yartar. He's careful not to emerge from his hiding place beneath the docks unless it's dark and rainy, and even then he hides under a bulky cloak. He and Unferth serve as the Kraken Society's top operatives in this part of the North, and specialize in advancing the agenda of the society through theft, intimidation, and assassination.",
										"When the thieves' guild known as the Hand of Yartar comes into possession of a powerful elemental weapon (see the \"Dark Dealings in Yartar\" side trek in chapter 6), Ghald and Unferth make sure the Kraken Society comes in with the top bid. They then make sure that no one else interferes."
									]
								}
							]
						}
					]
				}
			],
			"images": [
				{
					"type": "image",
					"href": {
						"type": "internal",
						"path": "bestiary/PotA/Ghald.png"
					}
				}
			]
		},
		{
			"name": "Hellenrae",
			"source": "PotA",
			"entries": [
				{
					"type": "entries",
					"entries": [
						{
							"type": "entries",
							"entries": [
								{
									"type": "entries",
									"entries": [
										"The chief lieutenant of Marlos Urnrayle, Hellenrae lost her sight as a child. A bitter, angry orphan, she was taken in by a monastic order and trained to use her other senses to compensate. However, she took the monks' philosophy of self-denial and emptiness of mind to extremes, seeking to fill herself with the dark power she sensed sleeping in the earth and rock around her.",
										"Hellenrae is a dour, unsmiling woman who habitually wears drab robes and a golden gargoyle mask with no eye holes. She despises weakness in any form. Therefore, she hates just about everybody, and barely tolerates the other Black Earth cultists."
									]
								}
							]
						}
					]
				}
			]
		},
		{
			"name": "Howling Hatred Initiate",
			"source": "PotA",
			"entries": [
				{
					"type": "entries",
					"entries": [
						{
							"type": "entries",
							"entries": [
								{
									"type": "entries",
									"entries": [
										"Howling Hatred initiates are attracted by the cult's philosophy of non-attachment and the rejection of material things, unaware of the cult's true nature. The cult attracts adherents of all kinds, from dreamy-eyed youths with little property to world-weary folk eager to put their faith in something as tangible and powerful as an elemental force.",
										"Initiates live on little but air for a month, believing that this regimen purifies them of bodily needs. In truth it makes their bodies so desperate for sustenance that they become susceptible to indoctrination. Soon, they can justify heinous acts within the context of the cult: Human sacrifice isn't an act of murder, but a freeing of the soul from the limitations of a physical shell; conjuring a whirlwind to destroy unbelievers isn't an act of terror but a demonstration of true faith."
									]
								}
							]
						}
					]
				}
			]
		},
		{
			"name": "Howling Hatred Priest",
			"source": "PotA",
			"entries": [
				{
					"type": "entries",
					"entries": [
						{
							"type": "entries",
							"entries": [
								{
									"type": "entries",
									"entries": [
										"The most fanatical of the air cultists, the priests push their bodies to physical extremes in order to decrease their density and mass and become as light as leaves. Gaunt and sallow faced, with concave bellies, bulging eyes, and taut skin that enunciates every bone, these living skeletons sustain themselves on nothing more than air and fanatical devotion to the teachings of the cult. The wind serves them at a gesture.",
										"Howling Hatred priests see themselves as living extensions of Yan-C-Bin, and they help new recruits cast off the shackles of their old lives and embrace a \"higher purpose.\" Once the new recruits are thus purified, the priests decide whether they are worthy for indoctrination as initiates or would better serve the Howling Hatred cult as sacrifices. The priests also uphold the doctrine of their prophet, inoth, and harshly punish any initiate who strays from the path.",
										"Most other air cultists hate the priests, though none dares to speak out against them. Those that challenge the priests often end up the subjects of rigorous new attempts at purification."
									]
								}
							]
						}
					]
				}
			],
			"images": [
				{
					"type": "image",
					"href": {
						"type": "internal",
						"path": "bestiary/PotA/Howling Hatred Priest.jpg"
					}
				}
			]
		},
		{
			"name": "Hurricane",
			"source": "PotA",
			"entries": [
				{
					"type": "entries",
					"entries": [
						{
							"type": "entries",
							"entries": [
								{
									"type": "entries",
									"entries": [
										"Hurricanes profess their disgust with decadence, and they dedicate their bodies and their minds to the world's destruction. Through breathing exercises and ascetic philosophy, skilled Howling Hatred initiates learn to imitate the cycling patterns of the hurricane. They believe the physical world must be shattered so that the creatures of the Material Plane can live unshackled by physical things.",
										"Hurricanes see the frenetic activity of the world in slow motion, and themselves at the calm center of the storm. Through meditation and mysticism they learn to summon powerful blasts of wind, catch missiles with ease, and fall like feathers."
									]
								}
							]
						}
					]
				}
			]
		},
		{
			"name": "Imix",
			"source": "PotA",
			"entries": [
				{
					"type": "entries",
					"entries": [
						{
							"type": "entries",
							"entries": [
								{
									"type": "entries",
									"entries": [
										"Imix, the Eternal Flame and the All-Consuming Fire, is the Prince of Evil Fire. His natural form resembles a 30-foot-tall, 10-foot-wide pillar of fire with smoldering black pits for eyes. Imix rarely speaks, but he crackles and roars with terrible laughter as anything combustible within his grasp bursts into flame and feeds his hate. Mortal beings are mere objects of contempt to Imix, and he burns alive any he can catch for nothing more than the wicked glee of watching them writhe and die in his flames.",
										"Like his native element, Imix is fickle, temperamental, and highly destructive. Anything combustible stokes his hunger, but he takes special delight in feeding on the handiwork and possessions of intelligent beings, such as crops, buildings, or goods. Imix doesn't even spare his own followers or those who placate him with gifts and sacrifices-he is capricious and unpredictable, and often turns on those who think they have earned his favor."
									]
								},
								{
									"type": "entries",
									"name": "Imix's Lair",
									"entries": [
										"Imix's home is a fiery inverted pyramid within a volcano on the Elemental Plane of Fire. This fortress-palace is known as the Temple of Ultimate Consumption. Imix is quick to answer calls from the Material Plane, since he hungers eternally for new forests, plains, and kingdoms to burn."
									]
								}
							]
						}
					]
				}
			],
			"images": [
				{
					"type": "image",
					"href": {
						"type": "internal",
						"path": "bestiary/PotA/Imix.jpg"
					}
				}
			]
		},
		{
			"name": "Marlos Urnrayle",
			"source": "PotA",
			"entries": [
				{
					"type": "entries",
					"entries": [
						{
							"type": "entries",
							"entries": [
								{
									"type": "entries",
									"entries": [
										"Marlos Urnrayle is the earth prophet of Elemental Evil and the leader of the Black Earth cult in the Sumber Hills. He is a medusa of unusual power who was once a vain and cruel human nobleman. Marlos delights in petrifying his foes, especially those of great physical beauty, and smashing the remains to rubble.",
										"Marlos wields the magical war pick Ironfang, which he found in the Fane of the Eye after being drawn to the spot by a vision. Because of his medusa curse and his possession of the elemental weapon, the other Black Earth cultists believe that he stands high in Ogremoch's favor and are fanatically loyal to him."
									]
								},
								{
									"type": "entries",
									"name": "In the Earth Node",
									"entries": [
										"When the Temple of Black Earth is threatened, Marlos Urnrayle retreats to the Black Geode, the earth node. Within this node, Marlos gains one additional use of his Legendary Resistance trait."
									]
								}
							]
						}
					]
				}
			],
			"images": [
				{
					"type": "image",
					"href": {
						"type": "internal",
						"path": "bestiary/PotA/Marlos Urnrayle.jpg"
					}
				}
			]
		},
		{
			"name": "Miraj Vizann",
			"source": "PotA",
			"entries": [
				{
					"type": "entries",
					"entries": [
						{
							"type": "entries",
							"entries": [
								{
									"type": "entries",
									"entries": [
										"Miraj is an earth genasi from Calimshan. He is a perfectionist who oversees the Black Earth cult's tunneling operations and specializes in magic and alchemical processes that shape stone. He also has an affinity for the element of water and styles himself a 'mud sorcerer.'",
										"Though he is the most accomplished spellcaster in the Cult of the Black Earth, he has no interest in challenging Marlos Urnrayle for leadership. He knows that he is no match for the medusa and is happy to pursue his experiments while Marlos leads."
									]
								}
							]
						}
					]
				}
			]
		},
		{
			"name": "Ogrémoch",
			"source": "PotA",
			"entries": [
				{
					"type": "entries",
					"entries": [
						{
							"type": "entries",
							"entries": [
								{
									"type": "entries",
									"entries": [
										"The Prince of Evil Earth is Ogremoch (pronounced oh-gray-mock), the Mountain that Walks. His natural form is a shambling, 50-foot-tall colossus of rock, with crystal growths embedded throughout his body. When he bothers to speak, his voice sounds like grinding stones.",
										"Ogremoch is a miser who regards all the resources and treasures found in the ground as his own. He holds nothing but contempt for mortals (or any other denizens of the Material Plane) and desires nothing more than to crush and subjugate whomever he encounters. What he can't crush, he endures and outlasts.",
										"Ogremoch especially resents any mortals that dare to remove valuable metal or stone from the earth, and those who shape or build things of stone. He notices each nugget of gold or raw gemstone removed from areas under his influence, seeking to reclaim treasures \"stolen\" from him-and to punish the thieves. When the Prince of Evil Earth gains access to the Material Plane through an elemental node, he begins to methodically locate and destroy every mine, quarry, town, or fortification in the area. It's not that he needs the wealth, but the principle of the thing-extracting treasure from the earth-is anathema to Ogremoch."
									]
								},
								{
									"type": "entries",
									"name": "Ogremoch's Lair",
									"entries": [
										"Ogremoch is normally found in the depths of elemental earth, choosing caverns with black crystals and jagged rock spikes to serve as his throne room. He can enter the Material Plane through large and well-established nodes of elemental earth, with a little help from the proper rituals. Within such a node, Ogremoch wields great power."
									]
								}
							]
						}
					]
				}
			],
			"images": [
				{
					"type": "image",
					"href": {
						"type": "internal",
						"path": "bestiary/PotA/Ogrémoch.jpg"
					}
				}
			]
		},
		{
			"name": "Olhydra",
			"source": "PotA",
			"entries": [
				{
					"type": "entries",
					"entries": [
						{
							"type": "entries",
							"entries": [
								{
									"type": "entries",
									"entries": [
										"Olhydra is the Princess of Evil Water. Sometimes known as the Crushing Wave, the Dark Tide, or the Well of Endless Anguish, she takes the form of a great wave, 20 feet high and 15 feet wide, with opalescent eyes. She prefers to remain in or near large bodies of water-seas, lakes, rivers, or sometimes great subterranean pools. When she needs to, she can surge onto dry land, moving much like a wave rushing up onto the shore, but only great anger or desperation would drive Olhydra to move more than a few hundred feet from her native element.",
										"Olhydra surges forth tirelessly and relentlessly. She delights in creating dangerous and destructive manifestations of elemental water, especially maelstroms and floods. She is eager to assert her power by smashing any vessel that dares to venture into her realm, and lays waste to villages or towns established within her reach. Olhydra erodes that which she can't batter and drown; she is patient, retreating in the face of adversity only to return stronger than before.",
										"Of all the Princes of Elemental Evil, Olhydra is the one most interested in mortals. She recognizes that pirates and raiders who redden the waters with mortal blood (and occasionally send treasure-laden ships into her clutches) are agents of her hateful outlook, whether they know it or not. Consequently, Olhydra sometimes spares the worst sort of seafarers from her wrath, patiently waiting for the day when they deliver others into her power."
									]
								},
								{
									"type": "entries",
									"name": "Olhydra's Lair",
									"entries": [
										"The Princess of Evil Water is native to the Elemental Plane of Water, where she can be found in the black depths of vast seas or enthroned among jagged reefs. Olhydra waits for the chance to enter the Material Plane through elemental water nodes or when called by the proper rituals. Whether she is in her elemental domain or temporarily occupying a water node, Olhydra commands the waters around her and can shape them to her will."
									]
								}
							]
						}
					]
				}
			],
			"images": [
				{
					"type": "image",
					"href": {
						"type": "internal",
						"path": "bestiary/PotA/Olhydra.jpg"
					}
				}
			]
		},
		{
			"name": "One-Eyed Shiver",
			"source": "PotA",
			"entries": [
				{
					"type": "entries",
					"entries": [
						{
							"type": "entries",
							"entries": [
								{
									"type": "entries",
									"entries": [
										"A one-eyed shiver is a fearsome cultist who wields powers of ice and cold. To gain the frigid power of elemental water, the shiver removes one eye and replaces it with a frosty white orb that can blast foes with an icy ray. When the orb isn't in use, the shiver covers its magical eye with an eye patch. Even when hidden, the orb's magical power makes itself felt-a one-eyed shiver has ice-cold blood and is constantly surrounded by an aura of thin, cold fog.",
										"One-eyed shivers inspire dread and fear in all who meet them, including their fellow cultists. Only the leaders of the Crushing Wave cult dare to give commands to these masters of icy magic."
									]
								}
							]
						}
					]
				}
			],
			"images": [
				{
					"type": "image",
					"href": {
						"type": "internal",
						"path": "bestiary/PotA/Crushing Wave Cultists.jpg"
					}
				}
			]
		},
		{
			"name": "Oreioth",
			"source": "PotA",
			"entries": [
				{
					"type": "entries",
					"entries": [
						{
							"type": "entries",
							"entries": [
								{
									"type": "entries",
									"entries": [
										"A lean, black-bearded young noble from Baldur's Gate, Oreioth is more at home among the dead than the living. He was cruel almost from the time he could talk, catching small creatures and killing them in hideously inventive ways to savor the power of life and death. He grew to be an embarrassment to his well-off family, who paid a tutor to channel his undeniable intelligence and curiosity into more positive outlets. They didn't know they had apprenticed the young Oreioth to a necromancer in need of an assistant for his researches.",
										"When Oreioth's master decided he had no more use for his apprentice, he sent Oreioth off to make his own way in the world. Oreioth worked his way northward, robbing graves and using his magic to intimidate or rob anyone weaker than him. Driven out of one decent town after another, he finally sought refuge in an old outlaw's lair he discovered near Lance Rock. There he commenced his newest round of experiments, avoiding all other living souls.",
										"What few social graces Oreioth once possessed are fading rapidly. He has become a megalomaniac, styling himself the Lord of Lance Rock and surrounding himself with zombies and skeletons compelled to heed his every whim. Oreioth barely recognizes his own name anymore, and he harbors dreams of founding a kingdom of undead servitors with himself on the throne."
									]
								}
							]
						}
					]
				}
			],
			"images": [
				{
					"type": "image",
					"href": {
						"type": "internal",
						"path": "bestiary/PotA/Oreioth.png"
					}
				}
			]
		},
		{
			"name": "Razerblast",
			"source": "PotA",
			"entries": [
				{
					"type": "entries",
					"entries": [
						{
							"type": "entries",
							"entries": [
								{
									"type": "entries",
									"entries": [
										"A razerblast seethes with hate for the enemies of the fire cult. The razerblast's elemental overlords have replaced its heart with a flaming orb that detonates if the razerblast dies.",
										"Razerblasts remember little of their life before they the power of elemental fire transformed them. Now they follow the orders of the flamewraths and the cult leaders without question. Razerblasts fight confidently because they know that even if they lose, they go out in a blaze of glory."
									]
								}
							]
						}
					]
				}
			],
			"images": [
				{
					"type": "image",
					"href": {
						"type": "internal",
						"path": "bestiary/PotA/Razerblast.jpg"
					}
				}
			]
		},
		{
			"name": "Sacred Stone Monk",
			"source": "PotA",
			"entries": [
				{
					"type": "entries",
					"entries": [
						{
							"type": "entries",
							"entries": [
								{
									"type": "entries",
									"entries": [
										"Sacred Stone monks are followers of a martial philosophy that seeks to emulate the strength of rock and stone. They don gargoyle masks and use a finely honed sense of touch to measure their surroundings by contact with the ground. They avoid speaking, or extraneous thought for that matter. They live only to test themselves with deprivation and to punish those who doubt the strength of elemental earth."
									]
								}
							]
						}
					]
				}
			]
		},
		{
			"name": "Shoalar Quanderil",
			"source": "PotA",
			"entries": [
				{
					"type": "entries",
					"entries": [
						{
							"type": "entries",
							"entries": [
								{
									"type": "entries",
									"entries": [
										"A plump water genasi armed with a jovial manner and biting sense of humor, Shoalar Quanderil seems like the last person one would expect to be a cruel member of a destructive cult. Nevertheless, Shoalar is the captain of a pirate ship that harries the Sword Coast, and a high-ranking Crushing Wave cultist. He sees Olhydra's power as a means to making himself as rich as possible."
									]
								}
							]
						}
					]
				}
			]
		},
		{
			"name": "Skyweaver",
			"source": "PotA",
			"entries": [
				{
					"type": "entries",
					"entries": [
						{
							"type": "entries",
							"entries": [
								{
									"type": "entries",
									"entries": [
										"Skyweavers brim with rage and desire, which makes them perfect vessels for the wildly destructive magic of the Cult of the Howling Hatred. In contrast to their hurricane counterparts in the air cult, skyweavers embrace the worship of Elemental Evil for a quick path to power. With little experience wielding the might of the elements, skyweavers thrill with the rush of releasing raw elemental energy."
									]
								}
							]
						}
					]
				}
			]
		},
		{
			"name": "Stonemelder",
			"source": "PotA",
			"entries": [
				{
					"type": "entries",
					"entries": [
						{
							"type": "entries",
							"entries": [
								{
									"type": "entries",
									"entries": [
										"Stonemelders are spellcasters who gain their power from Ogremoch, using elemental earth magic to sheathe their bodies in carapaces of rock. They are elite champions of the cult and answer only to the cult leaders. Not even the Black Earth priests tell stonemelders what to do.",
										"Each stonemelder carries a weapon known as a Black Earth rod. Such a rod is like an ordinary mace, but in the hands of a stonemelder, it serves as a conduit for Ogremoch's wrath."
									]
								}
							]
						}
					]
				}
			]
		},
		{
			"name": "Thurl Merosska",
			"source": "PotA",
			"entries": [
				{
					"type": "entries",
					"entries": [
						{
							"type": "entries",
							"entries": [
								{
									"type": "entries",
									"entries": [
										"Thurl Merosska is the leader of the Feathergale Knights. Once a griffon rider of Waterdeep, Thurl retired after a storm nearly claimed his life. Obsessed with his near-death experience, Thurl learned of Yan-C-Bin and swore an oath to serve the elemental prince in exchange for power.",
										"Thurl realized that there were others among the wealthy of Waterdeep who might make worthy servants of Yan-C-Bin. He formed the Feathergale Society to lure likely individuals into the air cult. He indoctrinated his Feathergale knights, one by one, into the cult's beliefs.",
										"When Aerisi Kalinoth arose as the chosen prophet of air, Thurl reluctantly pledged the Feathergale Knights to the cause. He resents Aerisi Kalinoth's rulership of the cult, but tells himself that he can use her and her followers to make the Feathergale Society strong enough to rule Waterdeep as it should be ruled."
									]
								}
							]
						}
					]
				}
			]
		},
		{
			"name": "Vanifer",
			"source": "PotA",
			"entries": [
				{
					"type": "entries",
					"entries": [
						{
							"type": "entries",
							"entries": [
								{
									"type": "entries",
									"entries": [
										"Vanifer's rough childhood has hardened her heart against others. The world is a corrupt, painful place, she thinks, and deserving of a fiery end. For years, she was a dancer and concubine in a pasha's court in Calimshan. Later, she took up the mantle of prophet when she found Tinderstrike, and the same ruthless ambition and practiced manipulation that enabled her to escape a life of servitude serves her well as the head of a growing cult.",
										"For Vanifer, battle is best observed at a distance. She prefers to hurl destructive magic from afar. Those who challenge Vanifer in melee learn a painful lesson, as she and Tinderstrike make a formidable pair.",
										"In the Fire Node",
										"When enemies threaten the Temple of Eternal Flame, Vanifer withdraws to the Weeping Colossus, the fire node. Within this node, Vanifer gains one additional use of her Legendary Resistance trait."
									]
								}
							]
						}
					]
				}
			],
			"images": [
				{
					"type": "image",
					"href": {
						"type": "internal",
						"path": "bestiary/PotA/Vanifer.jpg"
					}
				}
			]
		},
		{
			"name": "Wiggan Nettlebee",
			"source": "PotA",
			"entries": [
				{
					"type": "entries",
					"entries": [
						{
							"type": "entries",
							"entries": [
								{
									"type": "entries",
									"entries": [
										"Wiggan Nettlebee is the patriarch of the Nettlebee clan, a wealthy family of halflings that raise livestock and farm their land. He presents the outward appearance of a modest rancher, and he forbids extravagance on his farm. Thinking he had found a cult dedicated to the dominating nature and utilizing its darker aspects, Wiggan joined the Cult of the Black Earth. He still doesn't know the full extent of the cult's plans.",
										"Wiggan dislikes and distrusts outsiders. He believes they are all evildoers who would steal from him if they could. He sees the earth cult as a powerful and necessary ally toward securing his finances and sustaining his position. A greedy miser, Wiggan becomes visibly upset at the thought of parting with even a few spare coins from his hoard."
									]
								}
							]
						}
					]
				}
			],
			"images": [
				{
					"type": "image",
					"href": {
						"type": "internal",
						"path": "bestiary/PotA/Wiggan Nettlebee.png"
					}
				}
			]
		},
		{
			"name": "Windharrow",
			"source": "PotA",
			"entries": [
				{
					"type": "entries",
					"entries": [
						{
							"type": "entries",
							"entries": [
								{
									"type": "entries",
									"entries": [
										"An opportunistic half-moon elf rake and bandit formerly known as Harald Grayspear, Windharrow was given his new name by Aerisi Kalinoth. When Aerisi was still with her family, Harald charmed and flattered his way into her favor. When Aerisi ran away from home to become the air prophet, she took Windharrow with her.",
										"At Aerisi's insistence, Windharrow recruited a band of flutists from the ranks of new converts to the air cult, calling them the Windwyrds. Most have no musical talent whatsoever, and their music is often a shrill cacophony. Of all the air cultists, the Windwyrds are the least fanatical and the most fearful for their lives. Aerisi disposes of these minstrels on a whim, replacing them with other initiates. Those that master some skill with their instruments survive the longest, but the cost of failure creates a highly competitive environment among the minstrels.",
										"Windharrow is loyal to Aerisi Kalinoth as long as he fears her power. If his life is threatened or a richer offer presents itself, Windharrow betrays the air cult without a backward glance."
									]
								}
							]
						}
					]
				}
			]
		},
		{
			"name": "Yan-C-Bin",
			"source": "PotA",
			"entries": [
				{
					"type": "entries",
					"entries": [
						{
							"type": "entries",
							"entries": [
								{
									"type": "entries",
									"entries": [
										"Yan-C-Bin (pronounced yan-see-bin) is the Prince of Evil Air. A being of great wisdom and malice, Yan-C-Bin's plots began at the forging of the worlds. Subtler than the other elemental princes, Yan-C-Bin operates unseen, studying his enemies from afar, ambushing them swiftly, and vanishing before his foes can retaliate.",
										"His natural form is an invisible vortex of howling, swirling air 30 feet high and 15 feet wide, but Yan-C-Bin sometimes takes the shape of a gaunt, venerable, dark-skinned human with wispy white hair and glowing white eyes. When he wishes to remain unseen, Yan-C-Bin manifests only as a gust of cold wind flowing silently past.",
										"From his floating palace in the endless, cloudy skies of the Plane of Air, Yan-C-Bin watches worlds as they change over millennia. Evil aerial creatures worship the elemental prince as a god, and claim to see Yan-C-Bin's eyes in swirling storms. Yan-C-Bin doesn't care for their offerings, their sacrifices, or their worship. His only concern is the annihilation of the material realms as they are ripped apart by the superior elemental might of air and wind."
									]
								},
								{
									"type": "entries",
									"name": "Yan-C-Bin's Lair",
									"entries": [
										"Yan-C-Bin dwells in a palace of air on the Elemental Plane of Air. In his palace and in air nodes on the Material Plane (including the Howling Caves, described in chapter 5), Yan-C-Bin is master. He can use the following actions in his lair."
									]
								}
							]
						}
					]
				}
			],
			"images": [
				{
					"type": "image",
					"href": {
						"type": "internal",
						"path": "bestiary/PotA/Yan-C-Bin.jpg"
					}
				}
			]
		}
	]
}
