{
	"charoptionFluff": [
		{
			"name": "Heroic Destiny",
			"source": "MOT",
			"images": [
				{
					"type": "image",
					"href": {
						"type": "internal",
						"path": "charcreationoptions/MOT/Heroic Destiny.png"
					},
					"title": "For champions like the Setessan leader Anthousa, heroism and destiny are inescapable forces ",
					"width": 1500,
					"height": 1097
				}
			]
		},
		{
			"name": "Lifelong Companion",
			"source": "MOT",
			"images": [
				{
					"type": "image",
					"href": {
						"type": "internal",
						"path": "charcreationoptions/MOT/Lifelong Companion.png"
					},
					"title": "Heroes and lifelong companions, Kynaios and Tiro founded Meletis and ruled as its first kings ",
					"width": 1500,
					"height": 1002
				}
			]
		},
		{
			"name": "Oracle",
			"source": "MOT",
			"images": [
				{
					"type": "image",
					"href": {
						"type": "internal",
						"path": "charcreationoptions/MOT/Oracle.png"
					},
					"title": "Oracles hear the voices of the gods, a rare gift and sometimes a curse ",
					"width": 1500,
					"height": 1002
				}
			]
		}
	]
}
