{
	"XGE": {
		"Abi-Dalzim's Horrid Wilting": "media/icon/spell/xge-abidalzims-horrid-wilting.jpg",
		"Absorb Elements": "media/icon/spell/xge-absorb-elements.jpg",
		"Aganazzar's Scorcher": "media/icon/spell/xge-aganazzars-scorcher.jpg",
		"Beast Bond": "media/icon/spell/xge-beast-bond.jpg",
		"Bones of the Earth": "media/icon/spell/xge-bones-of-the-earth.jpg",
		"Catapult": "media/icon/spell/xge-catapult.jpg",
		"Catnap": "media/icon/spell/xge-catnap.jpg",
		"Cause Fear": "media/icon/spell/xge-cause-fear.jpg",
		"Ceremony": "media/icon/spell/xge-ceremony.jpg",
		"Chaos Bolt": "media/icon/spell/xge-chaos-bolt.jpg",
		"Charm Monster": "media/icon/spell/xge-charm-monster.jpg",
		"Control Flames": "media/icon/spell/xge-control-flames.jpg",
		"Control Winds": "media/icon/spell/xge-control-winds.jpg",
		"Create Bonfire": "media/icon/spell/xge-create-bonfire.jpg",
		"Create Homunculus": "media/icon/spell/xge-create-homunculus.jpg",
		"Crown of Stars": "media/icon/spell/xge-crown-of-stars.jpg",
		"Danse Macabre": "media/icon/spell/xge-danse-macabre.jpg",
		"Dawn": "media/icon/spell/xge-dawn.jpg",
		"Dragon's Breath": "media/icon/spell/xge-dragons-breath.jpg",
		"Druid Grove": "media/icon/spell/xge-druid-grove.jpg",
		"Dust Devil": "media/icon/spell/xge-dust-devil.jpg",
		"Earth Tremor": "media/icon/spell/xge-earth-tremor.jpg",
		"Earthbind": "media/icon/spell/xge-earthbind.jpg",
		"Elemental Bane": "media/icon/spell/xge-elemental-bane.jpg",
		"Enemies Abound": "media/icon/spell/xge-enemies-abound.jpg",
		"Enervation": "media/icon/spell/xge-enervation.jpg",
		"Erupting Earth": "media/icon/spell/xge-erupting-earth.jpg",
		"Far Step": "media/icon/spell/xge-far-step.jpg",
		"Find Greater Steed": "media/icon/spell/xge-find-greater-steed.jpg",
		"Flame Arrows": "media/icon/spell/xge-flame-arrows.jpg",
		"Frostbite": "media/icon/spell/xge-frostbite.jpg",
		"Guardian of Nature": "media/icon/spell/xge-guardian-of-nature.jpg",
		"Gust": "media/icon/spell/xge-gust.jpg",
		"Healing Spirit": "media/icon/spell/xge-healing-spirit.jpg",
		"Holy Weapon": "media/icon/spell/xge-holy-weapon.jpg",
		"Ice Knife": "media/icon/spell/xge-ice-knife.jpg",
		"Illusory Dragon": "media/icon/spell/xge-illusory-dragon.jpg",
		"Immolation": "media/icon/spell/xge-immolation.jpg",
		"Infernal Calling": "media/icon/spell/xge-infernal-calling.jpg",
		"Infestation": "media/icon/spell/xge-infestation.jpg",
		"Investiture of Flame": "media/icon/spell/xge-investiture-of-flame.jpg",
		"Investiture of Ice": "media/icon/spell/xge-investiture-of-ice.jpg",
		"Investiture of Stone": "media/icon/spell/xge-investiture-of-stone.jpg",
		"Investiture of Wind": "media/icon/spell/xge-investiture-of-wind.jpg",
		"Invulnerability": "media/icon/spell/xge-invulnerability.jpg",
		"Life Transference": "media/icon/spell/xge-life-transference.jpg",
		"Maddening Darkness": "media/icon/spell/xge-maddening-darkness.jpg",
		"Maelstrom": "media/icon/spell/xge-maelstrom.jpg",
		"Magic Stone": "media/icon/spell/xge-magic-stone.jpg",
		"Mass Polymorph": "media/icon/spell/xge-mass-polymorph.jpg",
		"Maximilian's Earthen Grasp": "media/icon/spell/xge-maximilians-earthen-grasp.jpg",
		"Melf's Minute Meteors": "media/icon/spell/xge-melfs-minute-meteors.jpg",
		"Mental Prison": "media/icon/spell/xge-mental-prison.jpg",
		"Mighty Fortress": "media/icon/spell/xge-mighty-fortress.jpg",
		"Mind Spike": "media/icon/spell/xge-mind-spike.jpg",
		"Mold Earth": "media/icon/spell/xge-mold-earth.jpg",
		"Negative Energy Flood": "media/icon/spell/xge-negative-energy-flood.jpg",
		"Power Word Pain": "media/icon/spell/xge-power-word-pain.jpg",
		"Primal Savagery": "media/icon/spell/xge-primal-savagery.jpg",
		"Primordial Ward": "media/icon/spell/xge-primordial-ward.jpg",
		"Psychic Scream": "media/icon/spell/xge-psychic-scream.jpg",
		"Pyrotechnics": "media/icon/spell/xge-pyrotechnics.jpg",
		"Scatter": "media/icon/spell/xge-scatter.jpg",
		"Shadow Blade": "media/icon/spell/xge-shadow-blade.jpg",
		"Shadow of Moil": "media/icon/spell/xge-shadow-of-moil.jpg",
		"Shape Water": "media/icon/spell/xge-shape-water.jpg",
		"Sickening Radiance": "media/icon/spell/xge-sickening-radiance.jpg",
		"Skill Empowerment": "media/icon/spell/xge-skill-empowerment.jpg",
		"Skywrite": "media/icon/spell/xge-skywrite.jpg",
		"Snare": "media/icon/spell/xge-snare.jpg",
		"Snilloc's Snowball Swarm": "media/icon/spell/xge-snillocs-snowball-swarm.jpg",
		"Soul Cage": "media/icon/spell/xge-soul-cage.jpg",
		"Steel Wind Strike": "media/icon/spell/xge-steel-wind-strike.jpg",
		"Storm Sphere": "media/icon/spell/xge-storm-sphere.jpg",
		"Summon Greater Demon": "media/icon/spell/xge-summon-greater-demon.jpg",
		"Summon Lesser Demons": "media/icon/spell/xge-summon-lesser-demons.jpg",
		"Synaptic Static": "media/icon/spell/xge-synaptic-static.jpg",
		"Temple of the Gods": "media/icon/spell/xge-temple-of-the-gods.jpg",
		"Tenser's Transformation": "media/icon/spell/xge-tensers-transformation.jpg",
		"Thunder Step": "media/icon/spell/xge-thunder-step.jpg",
		"Thunderclap": "media/icon/spell/xge-thunderclap.jpg",
		"Tidal Wave": "media/icon/spell/xge-tidal-wave.jpg",
		"Tiny Servant": "media/icon/spell/xge-tiny-servant.jpg",
		"Toll the Dead": "media/icon/spell/xge-toll-the-dead.jpg",
		"Transmute Rock": "media/icon/spell/xge-transmute-rock.jpg",
		"Vitriolic Sphere": "media/icon/spell/xge-vitriolic-sphere.jpg",
		"Wall of Light": "media/icon/spell/xge-wall-of-light.jpg",
		"Wall of Sand": "media/icon/spell/xge-wall-of-sand.jpg",
		"Wall of Water": "media/icon/spell/xge-wall-of-water.jpg",
		"Warding Wind": "media/icon/spell/xge-warding-wind.jpg",
		"Watery Sphere": "media/icon/spell/xge-watery-sphere.jpg",
		"Whirlwind": "media/icon/spell/xge-whirlwind.jpg",
		"Word of Radiance": "media/icon/spell/xge-word-of-radiance.jpg",
		"Wrath of Nature": "media/icon/spell/xge-wrath-of-nature.jpg",
		"Zephyr Strike": "media/icon/spell/xge-zephyr-strike.jpg"
	},
	"PHB": {
		"Acid Splash": "media/icon/spell/phb-acid-splash.jpg",
		"Aid": "media/icon/spell/phb-aid.jpg",
		"Alarm": "media/icon/spell/phb-alarm.jpg",
		"Alter Self": "media/icon/spell/phb-alter-self.jpg",
		"Animal Friendship": "media/icon/spell/phb-animal-friendship.jpg",
		"Animal Messenger": "media/icon/spell/phb-animal-messenger.jpg",
		"Animal Shapes": "media/icon/spell/phb-animal-shapes.jpg",
		"Animate Dead": "media/icon/spell/phb-animate-dead.jpg",
		"Animate Objects": "media/icon/spell/phb-animate-objects.jpg",
		"Antilife Shell": "media/icon/spell/phb-antilife-shell.jpg",
		"Antimagic Field": "media/icon/spell/phb-antimagic-field.jpg",
		"Antipathy/Sympathy": "media/icon/spell/phb-antipathysympathy.jpg",
		"Arcane Eye": "media/icon/spell/phb-arcane-eye.jpg",
		"Arcane Gate": "media/icon/spell/phb-arcane-gate.jpg",
		"Arcane Lock": "media/icon/spell/phb-arcane-lock.jpg",
		"Armor of Agathys": "media/icon/spell/phb-armor-of-agathys.jpg",
		"Arms of Hadar": "media/icon/spell/phb-arms-of-hadar.jpg",
		"Astral Projection": "media/icon/spell/phb-astral-projection.jpg",
		"Augury": "media/icon/spell/phb-augury.jpg",
		"Aura of Life": "media/icon/spell/phb-aura-of-life.jpg",
		"Aura of Purity": "media/icon/spell/phb-aura-of-purity.jpg",
		"Aura of Vitality": "media/icon/spell/phb-aura-of-vitality.jpg",
		"Awaken": "media/icon/spell/phb-awaken.jpg",
		"Bane": "media/icon/spell/phb-bane.jpg",
		"Banishing Smite": "media/icon/spell/phb-banishing-smite.jpg",
		"Banishment": "media/icon/spell/phb-banishment.jpg",
		"Barkskin": "media/icon/spell/phb-barkskin.jpg",
		"Beacon of Hope": "media/icon/spell/phb-beacon-of-hope.jpg",
		"Beast Sense": "media/icon/spell/phb-beast-sense.jpg",
		"Bestow Curse": "media/icon/spell/phb-bestow-curse.jpg",
		"Bigby's Hand": "media/icon/spell/phb-bigbys-hand.jpg",
		"Blade Barrier": "media/icon/spell/phb-blade-barrier.jpg",
		"Blade Ward": "media/icon/spell/phb-blade-ward.jpg",
		"Bless": "media/icon/spell/phb-bless.jpg",
		"Blight": "media/icon/spell/phb-blight.jpg",
		"Blinding Smite": "media/icon/spell/phb-blinding-smite.jpg",
		"Blindness/Deafness": "media/icon/spell/phb-blindnessdeafness.jpg",
		"Blink": "media/icon/spell/phb-blink.jpg",
		"Blur": "media/icon/spell/phb-blur.jpg",
		"Branding Smite": "media/icon/spell/phb-branding-smite.jpg",
		"Burning Hands": "media/icon/spell/phb-burning-hands.jpg",
		"Call Lightning": "media/icon/spell/phb-call-lightning.jpg",
		"Calm Emotions": "media/icon/spell/phb-calm-emotions.jpg",
		"Chain Lightning": "media/icon/spell/phb-chain-lightning.jpg",
		"Charm Person": "media/icon/spell/phb-charm-person.jpg",
		"Chill Touch": "media/icon/spell/phb-chill-touch.jpg",
		"Chromatic Orb": "media/icon/spell/phb-chromatic-orb.jpg",
		"Circle of Death": "media/icon/spell/phb-circle-of-death.jpg",
		"Circle of Power": "media/icon/spell/phb-circle-of-power.jpg",
		"Clairvoyance": "media/icon/spell/phb-clairvoyance.jpg",
		"Clone": "media/icon/spell/phb-clone.jpg",
		"Cloud of Daggers": "media/icon/spell/phb-cloud-of-daggers.jpg",
		"Cloudkill": "media/icon/spell/phb-cloudkill.jpg",
		"Color Spray": "media/icon/spell/phb-color-spray.jpg",
		"Command": "media/icon/spell/phb-command.jpg",
		"Commune": "media/icon/spell/phb-commune.jpg",
		"Commune with Nature": "media/icon/spell/phb-commune-with-nature.jpg",
		"Compelled Duel": "media/icon/spell/phb-compelled-duel.jpg",
		"Comprehend Languages": "media/icon/spell/phb-comprehend-languages.jpg",
		"Compulsion": "media/icon/spell/phb-compulsion.jpg",
		"Cone of Cold": "media/icon/spell/phb-cone-of-cold.jpg",
		"Confusion": "media/icon/spell/phb-confusion.jpg",
		"Conjure Animals": "media/icon/spell/phb-conjure-animals.jpg",
		"Conjure Barrage": "media/icon/spell/phb-conjure-barrage.jpg",
		"Conjure Celestial": "media/icon/spell/phb-conjure-celestial.jpg",
		"Conjure Elemental": "media/icon/spell/phb-conjure-elemental.jpg",
		"Conjure Fey": "media/icon/spell/phb-conjure-fey.jpg",
		"Conjure Minor Elementals": "media/icon/spell/phb-conjure-minor-elementals.jpg",
		"Conjure Volley": "media/icon/spell/phb-conjure-volley.jpg",
		"Conjure Woodland Beings": "media/icon/spell/phb-conjure-woodland-beings.jpg",
		"Contact Other Plane": "media/icon/spell/phb-contact-other-plane.jpg",
		"Contagion": "media/icon/spell/phb-contagion.jpg",
		"Contingency": "media/icon/spell/phb-contingency.jpg",
		"Continual Flame": "media/icon/spell/phb-continual-flame.jpg",
		"Control Water": "media/icon/spell/phb-control-water.jpg",
		"Control Weather": "media/icon/spell/phb-control-weather.jpg",
		"Cordon of Arrows": "media/icon/spell/phb-cordon-of-arrows.jpg",
		"Counterspell": "media/icon/spell/phb-counterspell.jpg",
		"Create Food and Water": "media/icon/spell/phb-create-food-and-water.jpg",
		"Create or Destroy Water": "media/icon/spell/phb-create-or-destroy-water.jpg",
		"Create Undead": "media/icon/spell/phb-create-undead.jpg",
		"Creation": "media/icon/spell/phb-creation.jpg",
		"Crown of Madness": "media/icon/spell/phb-crown-of-madness.jpg",
		"Crusader's Mantle": "media/icon/spell/phb-crusaders-mantle.jpg",
		"Cure Wounds": "media/icon/spell/phb-cure-wounds.jpg",
		"Dancing Lights": "media/icon/spell/phb-dancing-lights.jpg",
		"Darkness": "media/icon/spell/phb-darkness.jpg",
		"Darkvision": "media/icon/spell/phb-darkvision.jpg",
		"Daylight": "media/icon/spell/phb-daylight.jpg",
		"Death Ward": "media/icon/spell/phb-death-ward.jpg",
		"Delayed Blast Fireball": "media/icon/spell/phb-delayed-blast-fireball.jpg",
		"Demiplane": "media/icon/spell/phb-demiplane.jpg",
		"Destructive Wave": "media/icon/spell/phb-destructive-wave.jpg",
		"Detect Evil and Good": "media/icon/spell/phb-detect-evil-and-good.jpg",
		"Detect Magic": "media/icon/spell/phb-detect-magic.jpg",
		"Detect Poison and Disease": "media/icon/spell/phb-detect-poison-and-disease.jpg",
		"Detect Thoughts": "media/icon/spell/phb-detect-thoughts.jpg",
		"Dimension Door": "media/icon/spell/phb-dimension-door.jpg",
		"Disguise Self": "media/icon/spell/phb-disguise-self.jpg",
		"Disintegrate": "media/icon/spell/phb-disintegrate.jpg",
		"Dispel Evil and Good": "media/icon/spell/phb-dispel-evil-and-good.jpg",
		"Dispel Magic": "media/icon/spell/phb-dispel-magic.jpg",
		"Dissonant Whispers": "media/icon/spell/phb-dissonant-whispers.jpg",
		"Divination": "media/icon/spell/phb-divination.jpg",
		"Divine Favor": "media/icon/spell/phb-divine-favor.jpg",
		"Divine Word": "media/icon/spell/phb-divine-word.jpg",
		"Dominate Beast": "media/icon/spell/phb-dominate-beast.jpg",
		"Dominate Monster": "media/icon/spell/phb-dominate-monster.jpg",
		"Dominate Person": "media/icon/spell/phb-dominate-person.jpg",
		"Drawmij's Instant Summons": "media/icon/spell/phb-drawmijs-instant-summons.jpg",
		"Dream": "media/icon/spell/phb-dream.jpg",
		"Druidcraft": "media/icon/spell/phb-druidcraft.jpg",
		"Earthquake": "media/icon/spell/phb-earthquake.jpg",
		"Eldritch Blast": "media/icon/spell/phb-eldritch-blast.jpg",
		"Elemental Weapon": "media/icon/spell/phb-elemental-weapon.jpg",
		"Enhance Ability": "media/icon/spell/phb-enhance-ability.jpg",
		"Enlarge/Reduce": "media/icon/spell/phb-enlargereduce.jpg",
		"Ensnaring Strike": "media/icon/spell/phb-ensnaring-strike.jpg",
		"Entangle": "media/icon/spell/phb-entangle.jpg",
		"Enthrall": "media/icon/spell/phb-enthrall.jpg",
		"Etherealness": "media/icon/spell/phb-etherealness.jpg",
		"Evard's Black Tentacles": "media/icon/spell/phb-evards-black-tentacles.jpg",
		"Expeditious Retreat": "media/icon/spell/phb-expeditious-retreat.jpg",
		"Eyebite": "media/icon/spell/phb-eyebite.jpg",
		"Fabricate": "media/icon/spell/phb-fabricate.jpg",
		"Faerie Fire": "media/icon/spell/phb-faerie-fire.jpg",
		"False Life": "media/icon/spell/phb-false-life.jpg",
		"Fear": "media/icon/spell/phb-fear.jpg",
		"Feather Fall": "media/icon/spell/phb-feather-fall.jpg",
		"Feeblemind": "media/icon/spell/phb-feeblemind.jpg",
		"Feign Death": "media/icon/spell/phb-feign-death.jpg",
		"Find Familiar": "media/icon/spell/phb-find-familiar.jpg",
		"Find Steed": "media/icon/spell/phb-find-steed.jpg",
		"Find the Path": "media/icon/spell/phb-find-the-path.jpg",
		"Find Traps": "media/icon/spell/phb-find-traps.jpg",
		"Finger of Death": "media/icon/spell/phb-finger-of-death.jpg",
		"Fire Bolt": "media/icon/spell/phb-fire-bolt.jpg",
		"Fire Shield": "media/icon/spell/phb-fire-shield.jpg",
		"Fire Storm": "media/icon/spell/phb-fire-storm.jpg",
		"Fireball": "media/icon/spell/phb-fireball.jpg",
		"Flame Blade": "media/icon/spell/phb-flame-blade.jpg",
		"Flame Strike": "media/icon/spell/phb-flame-strike.jpg",
		"Flaming Sphere": "media/icon/spell/phb-flaming-sphere.jpg",
		"Flesh to Stone": "media/icon/spell/phb-flesh-to-stone.jpg",
		"Fly": "media/icon/spell/phb-fly.jpg",
		"Fog Cloud": "media/icon/spell/phb-fog-cloud.jpg",
		"Forbiddance": "media/icon/spell/phb-forbiddance.jpg",
		"Forcecage": "media/icon/spell/phb-forcecage.jpg",
		"Foresight": "media/icon/spell/phb-foresight.jpg",
		"Freedom of Movement": "media/icon/spell/phb-freedom-of-movement.jpg",
		"Friends": "media/icon/spell/phb-friends.jpg",
		"Gaseous Form": "media/icon/spell/phb-gaseous-form.jpg",
		"Gate": "media/icon/spell/phb-gate.jpg",
		"Geas": "media/icon/spell/phb-geas.jpg",
		"Gentle Repose": "media/icon/spell/phb-gentle-repose.jpg",
		"Giant Insect": "media/icon/spell/phb-giant-insect.jpg",
		"Glibness": "media/icon/spell/phb-glibness.jpg",
		"Globe of Invulnerability": "media/icon/spell/phb-globe-of-invulnerability.jpg",
		"Glyph of Warding": "media/icon/spell/phb-glyph-of-warding.jpg",
		"Goodberry": "media/icon/spell/phb-goodberry.jpg",
		"Grasping Vine": "media/icon/spell/phb-grasping-vine.jpg",
		"Grease": "media/icon/spell/phb-grease.jpg",
		"Greater Invisibility": "media/icon/spell/phb-greater-invisibility.jpg",
		"Greater Restoration": "media/icon/spell/phb-greater-restoration.jpg",
		"Guardian of Faith": "media/icon/spell/phb-guardian-of-faith.jpg",
		"Guards and Wards": "media/icon/spell/phb-guards-and-wards.jpg",
		"Guidance": "media/icon/spell/phb-guidance.jpg",
		"Guiding Bolt": "media/icon/spell/phb-guiding-bolt.jpg",
		"Gust of Wind": "media/icon/spell/phb-gust-of-wind.jpg",
		"Hail of Thorns": "media/icon/spell/phb-hail-of-thorns.jpg",
		"Hallow": "media/icon/spell/phb-hallow.jpg",
		"Hallucinatory Terrain": "media/icon/spell/phb-hallucinatory-terrain.jpg",
		"Harm": "media/icon/spell/phb-harm.jpg",
		"Haste": "media/icon/spell/phb-haste.jpg",
		"Heal": "media/icon/spell/phb-heal.jpg",
		"Healing Word": "media/icon/spell/phb-healing-word.jpg",
		"Heat Metal": "media/icon/spell/phb-heat-metal.jpg",
		"Hellish Rebuke": "media/icon/spell/phb-hellish-rebuke.jpg",
		"Heroes' Feast": "media/icon/spell/phb-heroes-feast.jpg",
		"Heroism": "media/icon/spell/phb-heroism.jpg",
		"Hex": "media/icon/spell/phb-hex.jpg",
		"Hold Monster": "media/icon/spell/phb-hold-monster.jpg",
		"Hold Person": "media/icon/spell/phb-hold-person.jpg",
		"Holy Aura": "media/icon/spell/phb-holy-aura.jpg",
		"Hunger of Hadar": "media/icon/spell/phb-hunger-of-hadar.jpg",
		"Hunter's Mark": "media/icon/spell/phb-hunters-mark.jpg",
		"Hypnotic Pattern": "media/icon/spell/phb-hypnotic-pattern.jpg",
		"Ice Storm": "media/icon/spell/phb-ice-storm.jpg",
		"Identify": "media/icon/spell/phb-identify.jpg",
		"Illusory Script": "media/icon/spell/phb-illusory-script.jpg",
		"Imprisonment": "media/icon/spell/phb-imprisonment.jpg",
		"Incendiary Cloud": "media/icon/spell/phb-incendiary-cloud.jpg",
		"Inflict Wounds": "media/icon/spell/phb-inflict-wounds.jpg",
		"Insect Plague": "media/icon/spell/phb-insect-plague.jpg",
		"Invisibility": "media/icon/spell/phb-invisibility.jpg",
		"Jump": "media/icon/spell/phb-jump.jpg",
		"Knock": "media/icon/spell/phb-knock.jpg",
		"Legend Lore": "media/icon/spell/phb-legend-lore.jpg",
		"Leomund's Secret Chest": "media/icon/spell/phb-leomunds-secret-chest.jpg",
		"Leomund's Tiny Hut": "media/icon/spell/phb-leomunds-tiny-hut.jpg",
		"Lesser Restoration": "media/icon/spell/phb-lesser-restoration.jpg",
		"Levitate": "media/icon/spell/phb-levitate.jpg",
		"Light": "media/icon/spell/phb-light.jpg",
		"Lightning Arrow": "media/icon/spell/phb-lightning-arrow.jpg",
		"Lightning Bolt": "media/icon/spell/phb-lightning-bolt.jpg",
		"Locate Animals or Plants": "media/icon/spell/phb-locate-animals-or-plants.jpg",
		"Locate Creature": "media/icon/spell/phb-locate-creature.jpg",
		"Locate Object": "media/icon/spell/phb-locate-object.jpg",
		"Longstrider": "media/icon/spell/phb-longstrider.jpg",
		"Mage Armor": "media/icon/spell/phb-mage-armor.jpg",
		"Mage Hand": "media/icon/spell/phb-mage-hand.jpg",
		"Magic Circle": "media/icon/spell/phb-magic-circle.jpg",
		"Magic Jar": "media/icon/spell/phb-magic-jar.jpg",
		"Magic Missile": "media/icon/spell/phb-magic-missile.jpg",
		"Magic Mouth": "media/icon/spell/phb-magic-mouth.jpg",
		"Magic Weapon": "media/icon/spell/phb-magic-weapon.jpg",
		"Major Image": "media/icon/spell/phb-major-image.jpg",
		"Mass Cure Wounds": "media/icon/spell/phb-mass-cure-wounds.jpg",
		"Mass Heal": "media/icon/spell/phb-mass-heal.jpg",
		"Mass Healing Word": "media/icon/spell/phb-mass-healing-word.jpg",
		"Mass Suggestion": "media/icon/spell/phb-mass-suggestion.jpg",
		"Maze": "media/icon/spell/phb-maze.jpg",
		"Meld into Stone": "media/icon/spell/phb-meld-into-stone.jpg",
		"Melf's Acid Arrow": "media/icon/spell/phb-melfs-acid-arrow.jpg",
		"Mending": "media/icon/spell/phb-mending.jpg",
		"Message": "media/icon/spell/phb-message.jpg",
		"Meteor Swarm": "media/icon/spell/phb-meteor-swarm.jpg",
		"Mind Blank": "media/icon/spell/phb-mind-blank.jpg",
		"Minor Illusion": "media/icon/spell/phb-minor-illusion.jpg",
		"Mirage Arcane": "media/icon/spell/phb-mirage-arcane.jpg",
		"Mirror Image": "media/icon/spell/phb-mirror-image.jpg",
		"Mislead": "media/icon/spell/phb-mislead.jpg",
		"Misty Step": "media/icon/spell/phb-misty-step.jpg",
		"Modify Memory": "media/icon/spell/phb-modify-memory.jpg",
		"Moonbeam": "media/icon/spell/phb-moonbeam.jpg",
		"Mordenkainen's Faithful Hound": "media/icon/spell/phb-mordenkainens-faithful-hound.jpg",
		"Mordenkainen's Magnificent Mansion": "media/icon/spell/phb-mordenkainens-magnificent-mansion.jpg",
		"Mordenkainen's Private Sanctum": "media/icon/spell/phb-mordenkainens-private-sanctum.jpg",
		"Mordenkainen's Sword": "media/icon/spell/phb-mordenkainens-sword.jpg",
		"Move Earth": "media/icon/spell/phb-move-earth.jpg",
		"Nondetection": "media/icon/spell/phb-nondetection.jpg",
		"Nystul's Magic Aura": "media/icon/spell/phb-nystuls-magic-aura.jpg",
		"Otiluke's Freezing Sphere": "media/icon/spell/phb-otilukes-freezing-sphere.jpg",
		"Otiluke's Resilient Sphere": "media/icon/spell/phb-otilukes-resilient-sphere.jpg",
		"Otto's Irresistible Dance": "media/icon/spell/phb-ottos-irresistible-dance.jpg",
		"Pass without Trace": "media/icon/spell/phb-pass-without-trace.jpg",
		"Passwall": "media/icon/spell/phb-passwall.jpg",
		"Phantasmal Force": "media/icon/spell/phb-phantasmal-force.jpg",
		"Phantasmal Killer": "media/icon/spell/phb-phantasmal-killer.jpg",
		"Phantom Steed": "media/icon/spell/phb-phantom-steed.jpg",
		"Planar Ally": "media/icon/spell/phb-planar-ally.jpg",
		"Planar Binding": "media/icon/spell/phb-planar-binding.jpg",
		"Plane Shift": "media/icon/spell/phb-plane-shift.jpg",
		"Plant Growth": "media/icon/spell/phb-plant-growth.jpg",
		"Poison Spray": "media/icon/spell/phb-poison-spray.jpg",
		"Polymorph": "media/icon/spell/phb-polymorph.jpg",
		"Power Word Heal": "media/icon/spell/phb-power-word-heal.jpg",
		"Power Word Kill": "media/icon/spell/phb-power-word-kill.jpg",
		"Power Word Stun": "media/icon/spell/phb-power-word-stun.jpg",
		"Prayer of Healing": "media/icon/spell/phb-prayer-of-healing.jpg",
		"Prestidigitation": "media/icon/spell/phb-prestidigitation.jpg",
		"Prismatic Spray": "media/icon/spell/phb-prismatic-spray.jpg",
		"Prismatic Wall": "media/icon/spell/phb-prismatic-wall.jpg",
		"Produce Flame": "media/icon/spell/phb-produce-flame.jpg",
		"Programmed Illusion": "media/icon/spell/phb-programmed-illusion.jpg",
		"Project Image": "media/icon/spell/phb-project-image.jpg",
		"Protection from Energy": "media/icon/spell/phb-protection-from-energy.jpg",
		"Protection from Evil and Good": "media/icon/spell/phb-protection-from-evil-and-good.jpg",
		"Protection from Poison": "media/icon/spell/phb-protection-from-poison.jpg",
		"Purify Food and Drink": "media/icon/spell/phb-purify-food-and-drink.jpg",
		"Raise Dead": "media/icon/spell/phb-raise-dead.jpg",
		"Rary's Telepathic Bond": "media/icon/spell/phb-rarys-telepathic-bond.jpg",
		"Ray of Enfeeblement": "media/icon/spell/phb-ray-of-enfeeblement.jpg",
		"Ray of Frost": "media/icon/spell/phb-ray-of-frost.jpg",
		"Ray of Sickness": "media/icon/spell/phb-ray-of-sickness.jpg",
		"Regenerate": "media/icon/spell/phb-regenerate.jpg",
		"Reincarnate": "media/icon/spell/phb-reincarnate.jpg",
		"Remove Curse": "media/icon/spell/phb-remove-curse.jpg",
		"Resistance": "media/icon/spell/phb-resistance.jpg",
		"Resurrection": "media/icon/spell/phb-resurrection.jpg",
		"Reverse Gravity": "media/icon/spell/phb-reverse-gravity.jpg",
		"Revivify": "media/icon/spell/phb-revivify.jpg",
		"Rope Trick": "media/icon/spell/phb-rope-trick.jpg",
		"Sacred Flame": "media/icon/spell/phb-sacred-flame.jpg",
		"Sanctuary": "media/icon/spell/phb-sanctuary.jpg",
		"Scorching Ray": "media/icon/spell/phb-scorching-ray.jpg",
		"Scrying": "media/icon/spell/phb-scrying.jpg",
		"Searing Smite": "media/icon/spell/phb-searing-smite.jpg",
		"See Invisibility": "media/icon/spell/phb-see-invisibility.jpg",
		"Seeming": "media/icon/spell/phb-seeming.jpg",
		"Sending": "media/icon/spell/phb-sending.jpg",
		"Sequester": "media/icon/spell/phb-sequester.jpg",
		"Shapechange": "media/icon/spell/phb-shapechange.jpg",
		"Shatter": "media/icon/spell/phb-shatter.jpg",
		"Shield": "media/icon/spell/phb-shield.jpg",
		"Shield of Faith": "media/icon/spell/phb-shield-of-faith.jpg",
		"Shillelagh": "media/icon/spell/phb-shillelagh.jpg",
		"Shocking Grasp": "media/icon/spell/phb-shocking-grasp.jpg",
		"Silence": "media/icon/spell/phb-silence.jpg",
		"Silent Image": "media/icon/spell/phb-silent-image.jpg",
		"Simulacrum": "media/icon/spell/phb-simulacrum.jpg",
		"Sleep": "media/icon/spell/phb-sleep.jpg",
		"Sleet Storm": "media/icon/spell/phb-sleet-storm.jpg",
		"Slow": "media/icon/spell/phb-slow.jpg",
		"Spare the Dying": "media/icon/spell/phb-spare-the-dying.jpg",
		"Speak with Animals": "media/icon/spell/phb-speak-with-animals.jpg",
		"Speak with Dead": "media/icon/spell/phb-speak-with-dead.jpg",
		"Speak with Plants": "media/icon/spell/phb-speak-with-plants.jpg",
		"Spider Climb": "media/icon/spell/phb-spider-climb.jpg",
		"Spike Growth": "media/icon/spell/phb-spike-growth.jpg",
		"Spirit Guardians": "media/icon/spell/phb-spirit-guardians.jpg",
		"Spiritual Weapon": "media/icon/spell/phb-spiritual-weapon.jpg",
		"Staggering Smite": "media/icon/spell/phb-staggering-smite.jpg",
		"Stinking Cloud": "media/icon/spell/phb-stinking-cloud.jpg",
		"Stone Shape": "media/icon/spell/phb-stone-shape.jpg",
		"Stoneskin": "media/icon/spell/phb-stoneskin.jpg",
		"Storm of Vengeance": "media/icon/spell/phb-storm-of-vengeance.jpg",
		"Suggestion": "media/icon/spell/phb-suggestion.jpg",
		"Sunbeam": "media/icon/spell/phb-sunbeam.jpg",
		"Sunburst": "media/icon/spell/phb-sunburst.jpg",
		"Swift Quiver": "media/icon/spell/phb-swift-quiver.jpg",
		"Symbol": "media/icon/spell/phb-symbol.jpg",
		"Tasha's Hideous Laughter": "media/icon/spell/phb-tashas-hideous-laughter.jpg",
		"Telekinesis": "media/icon/spell/phb-telekinesis.jpg",
		"Telepathy": "media/icon/spell/phb-telepathy.jpg",
		"Teleport": "media/icon/spell/phb-teleport.jpg",
		"Teleportation Circle": "media/icon/spell/phb-teleportation-circle.jpg",
		"Tenser's Floating Disk": "media/icon/spell/phb-tensers-floating-disk.jpg",
		"Thaumaturgy": "media/icon/spell/phb-thaumaturgy.jpg",
		"Thorn Whip": "media/icon/spell/phb-thorn-whip.jpg",
		"Thunderous Smite": "media/icon/spell/phb-thunderous-smite.jpg",
		"Thunderwave": "media/icon/spell/phb-thunderwave.jpg",
		"Time Stop": "media/icon/spell/phb-time-stop.jpg",
		"Tongues": "media/icon/spell/phb-tongues.jpg",
		"Transport via Plants": "media/icon/spell/phb-transport-via-plants.jpg",
		"Tree Stride": "media/icon/spell/phb-tree-stride.jpg",
		"True Polymorph": "media/icon/spell/phb-true-polymorph.jpg",
		"True Resurrection": "media/icon/spell/phb-true-resurrection.jpg",
		"True Seeing": "media/icon/spell/phb-true-seeing.jpg",
		"True Strike": "media/icon/spell/phb-true-strike.jpg",
		"Tsunami": "media/icon/spell/phb-tsunami.jpg",
		"Unseen Servant": "media/icon/spell/phb-unseen-servant.jpg",
		"Vampiric Touch": "media/icon/spell/phb-vampiric-touch.jpg",
		"Vicious Mockery": "media/icon/spell/phb-vicious-mockery.jpg",
		"Wall of Fire": "media/icon/spell/phb-wall-of-fire.jpg",
		"Wall of Force": "media/icon/spell/phb-wall-of-force.jpg",
		"Wall of Ice": "media/icon/spell/phb-wall-of-ice.jpg",
		"Wall of Stone": "media/icon/spell/phb-wall-of-stone.jpg",
		"Wall of Thorns": "media/icon/spell/phb-wall-of-thorns.jpg",
		"Warding Bond": "media/icon/spell/phb-warding-bond.jpg",
		"Water Breathing": "media/icon/spell/phb-water-breathing.jpg",
		"Water Walk": "media/icon/spell/phb-water-walk.jpg",
		"Web": "media/icon/spell/phb-web.jpg",
		"Weird": "media/icon/spell/phb-weird.jpg",
		"Wind Walk": "media/icon/spell/phb-wind-walk.jpg",
		"Wind Wall": "media/icon/spell/phb-wind-wall.jpg",
		"Wish": "media/icon/spell/phb-wish.jpg",
		"Witch Bolt": "media/icon/spell/phb-witch-bolt.jpg",
		"Word of Recall": "media/icon/spell/phb-word-of-recall.jpg",
		"Wrathful Smite": "media/icon/spell/phb-wrathful-smite.jpg",
		"Zone of Truth": "media/icon/spell/phb-zone-of-truth.jpg"
	},
	"SCAG": {
		"Booming Blade": "media/icon/spell/scag-booming-blade.jpg",
		"Green-Flame Blade": "media/icon/spell/scag-greenflame-blade.jpg",
		"Lightning Lure": "media/icon/spell/scag-lightning-lure.jpg",
		"Sword Burst": "media/icon/spell/scag-sword-burst.jpg"
	},
	"EGW": {
		"Dark Star": "media/icon/spell/egw-dark-star.jpg",
		"Fortune's Favor": "media/icon/spell/egw-fortunes-favor.jpg",
		"Gift of Alacrity": "media/icon/spell/egw-gift-of-alacrity.jpg",
		"Gravity Fissure": "media/icon/spell/egw-gravity-fissure.jpg",
		"Gravity Sinkhole": "media/icon/spell/egw-gravity-sinkhole.jpg",
		"Immovable Object": "media/icon/spell/egw-immovable-object.jpg",
		"Magnify Gravity": "media/icon/spell/egw-magnify-gravity.jpg",
		"Pulse Wave": "media/icon/spell/egw-pulse-wave.jpg",
		"Ravenous Void": "media/icon/spell/egw-ravenous-void.jpg",
		"Reality Break": "media/icon/spell/egw-reality-break.jpg",
		"Sapping Sting": "media/icon/spell/egw-sapping-sting.jpg",
		"Temporal Shunt": "media/icon/spell/egw-temporal-shunt.jpg",
		"Tether Essence": "media/icon/spell/egw-tether-essence.jpg",
		"Time Ravage": "media/icon/spell/egw-time-ravage.jpg",
		"Wristpocket": "media/icon/spell/egw-wristpocket.jpg"
	},
	"AI": {
		"Distort Value": "media/icon/spell/ai-distort-value.jpg",
		"Fast Friends": "media/icon/spell/ai-fast-friends.jpg",
		"Gift of Gab": "media/icon/spell/ai-gift-of-gab.jpg",
		"Incite Greed": "media/icon/spell/ai-incite-greed.jpg",
		"Jim's Glowing Coin": "media/icon/spell/ai-jims-glowing-coin.jpg",
		"Jim's Magic Missile": "media/icon/spell/ai-jims-magic-missile.jpg",
		"Motivational Speech": "media/icon/spell/ai-motivational-speech.jpg"
	},
	"GGR": {
		"Encode Thoughts": "media/icon/spell/ggr-encode-thoughts.jpg"
	}
}